email, senha
0.3195912365996836@mail.com,user123            
0.5670507217074587@mail.com,user123            
0.5014009568268692@mail.com,user123            
0.9456407400355218@mail.com,user123            
0.27077527910137567@mail.com,user123           
0.8671981356030375@mail.com,user123            
0.7797187054309679@mail.com,user123            
0.8121412227150039@mail.com,user123            
0.7074116214959302@mail.com,user123           
0.3689377540026215@mail.com,user123            
0.059222166434818764@mail.com,user123          
0.5108878121289455@mail.com,user123            
0.9596701169248087@mail.com,user123            
0.4174944487202407@mail.com,user123            
0.45370153876077957@mail.com,user123           
0.41421395543978834@mail.com,user123           
0.1302335758113031@mail.com,user123            
0.6006684963898395@mail.com,user123              
0.09918833486817401@mail.com,user123           
0.9009733348758652@mail.com,user123            